episode_id,country_iso3,episode_type,candidate_status,economic_start_date,detection_date,peak_date,resolution_date,duration_days,observation_periods,severity,confidence,mechanisms,max_active_mechanisms,peak_score,external_corroboration_status,red_team_status
AUS-FX-2007-001,AUS,persistent_mechanism_stress,PERSISTENT_MECHANISM_STRESS,2007-09-30,2007-09-30,2007-10-31,2008-02-29,152,7,EXTREME,model_derived_from_verified_observations,FX_DEBT_VULNERABILITY,1,4.25062696011493,NOT_YET_LINKED,AUDITED
AUS-FX-2008-002,AUS,persistent_mechanism_stress,PERSISTENT_MECHANISM_STRESS,2008-09-30,2008-09-30,2008-10-31,2008-11-30,61,3,EXTREME,model_derived_from_verified_observations,FX_DEBT_VULNERABILITY,1,5.550820671503707,NOT_YET_LINKED,AUDITED
AUS-FX-2020-003,AUS,persistent_mechanism_stress,PERSISTENT_MECHANISM_STRESS,2020-05-31,2020-05-31,2020-05-31,2020-07-31,61,3,ACUTE,model_derived_from_verified_observations,FX_DEBT_VULNERABILITY,1,2.7985883618045113,NOT_YET_LINKED,AUDITED
BRA-FX-2020-001,BRA,persistent_mechanism_stress,PERSISTENT_MECHANISM_STRESS,2020-03-31,2020-03-31,2020-06-30,2020-07-31,122,5,EXTREME,model_derived_from_verified_observations,FX_DEBT_VULNERABILITY,1,4.027765043919861,NOT_YET_LINKED,AUDITED
BRA-FX-2024-002,BRA,persistent_mechanism_stress,PERSISTENT_MECHANISM_STRESS,2024-12-31,2024-12-31,2025-02-28,2025-04-30,120,6,ACUTE,model_derived_from_verified_observations,FX_DEBT_VULNERABILITY,1,2.930776566506688,NOT_YET_LINKED,AUDITED
CAN-FX-2003-001,CAN,persistent_mechanism_stress,PERSISTENT_MECHANISM_STRESS,2003-08-31,2003-08-31,2003-08-31,2003-09-30,30,2,ACUTE,model_derived_from_verified_observations,FX_DEBT_VULNERABILITY,1,3.426043414147101,NOT_YET_LINKED,AUDITED
CAN-FX-2004-002,CAN,persistent_mechanism_stress,PERSISTENT_MECHANISM_STRESS,2004-12-31,2004-12-31,2004-12-31,2005-03-31,90,5,ACUTE,model_derived_from_verified_observations,FX_DEBT_VULNERABILITY,1,2.62286800182166,NOT_YET_LINKED,AUDITED
CHE-FX-2005-001,CHE,persistent_mechanism_stress,PERSISTENT_MECHANISM_STRESS,2005-04-30,2005-04-30,2005-06-30,2005-08-31,123,4,ACUTE,model_derived_from_verified_observations,FX_DEBT_VULNERABILITY,1,3.3497608077298895,NOT_YET_LINKED,AUDITED
CHE-FX-2011-002,CHE,persistent_mechanism_stress,PERSISTENT_MECHANISM_STRESS,2011-11-30,2011-11-30,2011-11-30,2012-01-31,62,4,EXTREME,model_derived_from_verified_observations,FX_DEBT_VULNERABILITY,1,4.129632809310328,NOT_YET_LINKED,AUDITED
CHE-FX-2022-003,CHE,persistent_mechanism_stress,PERSISTENT_MECHANISM_STRESS,2022-05-31,2022-05-31,2022-06-30,2023-01-01,215,8,ACUTE,model_derived_from_verified_observations,FX_DEBT_VULNERABILITY,1,3.1920210194124916,NOT_YET_LINKED,AUDITED
GBR-FX-2008-001,GBR,persistent_mechanism_stress,PERSISTENT_MECHANISM_STRESS,2008-09-30,2008-09-30,2008-11-30,2009-03-31,182,8,EXTREME,model_derived_from_verified_observations,FX_DEBT_VULNERABILITY,1,7.780141360097506,NOT_YET_LINKED,AUDITED
GBR-FX-2016-002,GBR,persistent_mechanism_stress,PERSISTENT_MECHANISM_STRESS,2016-10-31,2016-10-31,2016-11-30,2017-03-31,151,7,EXTREME,model_derived_from_verified_observations,FX_DEBT_VULNERABILITY,1,3.6333173651737107,NOT_YET_LINKED,AUDITED
IDN-FX-2011-001,IDN,persistent_mechanism_stress,PERSISTENT_MECHANISM_STRESS,2011-11-30,2011-11-30,2011-11-30,2012-01-31,62,4,ACUTE,model_derived_from_verified_observations,FX_DEBT_VULNERABILITY,1,2.642453929707081,NOT_YET_LINKED,AUDITED
IDN-FX-2013-002,IDN,persistent_mechanism_stress,PERSISTENT_MECHANISM_STRESS,2013-08-31,2013-08-31,2013-09-30,2013-10-31,61,3,ACUTE,model_derived_from_verified_observations,FX_DEBT_VULNERABILITY,1,3.3089102802780115,NOT_YET_LINKED,AUDITED
IDN-FX-2020-003,IDN,persistent_mechanism_stress,PERSISTENT_MECHANISM_STRESS,2020-03-31,2020-03-31,2020-05-31,2020-05-31,61,3,EXTREME,model_derived_from_verified_observations,FX_DEBT_VULNERABILITY,1,6.212960321552703,NOT_YET_LINKED,AUDITED
IND-FX-2013-001,IND,persistent_mechanism_stress,PERSISTENT_MECHANISM_STRESS,2013-08-31,2013-08-31,2013-08-31,2013-09-30,30,2,ACUTE,model_derived_from_verified_observations,FX_DEBT_VULNERABILITY,1,2.7759863360552406,NOT_YET_LINKED,AUDITED
IND-CORP-2020-002,IND,persistent_mechanism_stress,PERSISTENT_MECHANISM_STRESS,2020-01-01,2020-01-01,2020-01-31,2020-03-31,90,4,EXTREME,model_derived_from_verified_observations,CORPORATE_CASHFLOW_STRESS,1,4.303395039627444,NOT_YET_LINKED,AUDITED
IND-CORP-2020-003,IND,persistent_mechanism_stress,PERSISTENT_MECHANISM_STRESS,2020-12-31,2020-12-31,2020-12-31,2021-01-01,1,2,EXTREME,model_derived_from_verified_observations,CORPORATE_CASHFLOW_STRESS,1,5.579337913858063,NOT_YET_LINKED,AUDITED
IND-FX-2026-004,IND,persistent_mechanism_stress,PERSISTENT_MECHANISM_STRESS,2026-05-31,2026-05-31,2026-05-31,2026-07-31,61,3,ACUTE,model_derived_from_verified_observations,FX_DEBT_VULNERABILITY,1,2.543528341776014,NOT_YET_LINKED,AUDITED
JPN-FX-2008-001,JPN,persistent_mechanism_stress,PERSISTENT_MECHANISM_STRESS,2008-10-31,2008-10-31,2008-10-31,2009-01-01,62,4,ACUTE,model_derived_from_verified_observations,FX_DEBT_VULNERABILITY,1,2.5988809606051015,NOT_YET_LINKED,AUDITED
JPN-FX-2016-002,JPN,persistent_mechanism_stress,PERSISTENT_MECHANISM_STRESS,2016-12-31,2016-12-31,2017-02-28,2017-03-31,90,5,EXTREME,model_derived_from_verified_observations,FX_DEBT_VULNERABILITY,1,3.7481295786627546,NOT_YET_LINKED,AUDITED
JPN-FX-2022-003,JPN,persistent_mechanism_stress,PERSISTENT_MECHANISM_STRESS,2022-04-30,2022-04-30,2022-11-30,2023-02-28,304,12,EXTREME,model_derived_from_verified_observations,FX_DEBT_VULNERABILITY,1,4.962397655654312,NOT_YET_LINKED,AUDITED
JPN-FX-2024-004,JPN,persistent_mechanism_stress,PERSISTENT_MECHANISM_STRESS,2024-08-31,2024-08-31,2024-08-31,2024-09-30,30,2,ACUTE,model_derived_from_verified_observations,FX_DEBT_VULNERABILITY,1,3.2285259445095953,NOT_YET_LINKED,AUDITED
KOR-FX-2008-001,KOR,persistent_mechanism_stress,PERSISTENT_MECHANISM_STRESS,2008-05-31,2008-05-31,2008-12-31,2009-04-30,334,13,EXTREME,model_derived_from_verified_observations,FX_DEBT_VULNERABILITY,1,10.612230740015374,NOT_YET_LINKED,AUDITED
KOR-FX-2022-002,KOR,persistent_mechanism_stress,PERSISTENT_MECHANISM_STRESS,2022-06-30,2022-06-30,2022-11-30,2023-02-28,243,10,EXTREME,model_derived_from_verified_observations,FX_DEBT_VULNERABILITY,1,4.980436410667409,NOT_YET_LINKED,AUDITED
MEX-FX-2008-001,MEX,persistent_mechanism_stress,PERSISTENT_MECHANISM_STRESS,2008-10-31,2008-10-31,2008-10-31,2009-08-31,304,12,EXTREME,model_derived_from_verified_observations,FX_DEBT_VULNERABILITY,1,8.920927650039758,NOT_YET_LINKED,AUDITED
MEX-FX-2015-002,MEX,persistent_mechanism_stress,PERSISTENT_MECHANISM_STRESS,2015-10-31,2015-10-31,2015-10-31,2016-01-31,92,5,ACUTE,model_derived_from_verified_observations,FX_DEBT_VULNERABILITY,1,3.045768011513711,NOT_YET_LINKED,AUDITED
SAU-CORP-2020-001,SAU,persistent_mechanism_stress,PERSISTENT_MECHANISM_STRESS,2020-12-31,2020-12-31,2020-12-31,2021-02-28,59,4,EXTREME,model_derived_from_verified_observations,CORPORATE_CASHFLOW_STRESS,1,3.6356157651880388,NOT_YET_LINKED,AUDITED
TUR-FX-1998-001,TUR,persistent_mechanism_stress,PERSISTENT_MECHANISM_STRESS,1998-11-30,1998-11-30,1998-11-30,1999-01-01,32,3,EXTREME,model_derived_from_verified_observations,FX_DEBT_VULNERABILITY,1,4.356730089164124,NOT_YET_LINKED,AUDITED
TUR-FX-2001-002,TUR,persistent_mechanism_stress,PERSISTENT_MECHANISM_STRESS,2001-02-28,2001-02-28,2001-05-31,2001-06-30,122,5,EXTREME,model_derived_from_verified_observations,FX_DEBT_VULNERABILITY,1,17.201156002983627,NOT_YET_LINKED,AUDITED
TUR-FX-2008-003,TUR,persistent_mechanism_stress,PERSISTENT_MECHANISM_STRESS,2008-10-31,2008-10-31,2008-12-31,2009-03-31,151,7,EXTREME,model_derived_from_verified_observations,FX_DEBT_VULNERABILITY,1,4.397507038227605,NOT_YET_LINKED,AUDITED
TUR-FX-2017-004,TUR,persistent_mechanism_stress,PERSISTENT_MECHANISM_STRESS,2017-01-31,2017-01-31,2017-01-31,2017-04-30,89,4,ACUTE,model_derived_from_verified_observations,FX_DEBT_VULNERABILITY,1,2.9338423438095336,NOT_YET_LINKED,AUDITED
TUR-FX-2018-005,TUR,persistent_mechanism_stress,PERSISTENT_MECHANISM_STRESS,2018-08-31,2018-08-31,2018-10-31,2019-01-01,123,6,EXTREME,model_derived_from_verified_observations,FX_DEBT_VULNERABILITY,1,6.451807867194722,NOT_YET_LINKED,AUDITED
TUR-FX-2020-006,TUR,persistent_mechanism_stress,PERSISTENT_MECHANISM_STRESS,2020-04-30,2020-04-30,2020-06-30,2020-07-31,92,4,ACUTE,model_derived_from_verified_observations,FX_DEBT_VULNERABILITY,1,2.9559143107291583,NOT_YET_LINKED,AUDITED
TUR-CORP-2021-007,TUR,multi_mechanism_crisis,CRISIS_CANDIDATE,2021-12-31,2021-12-31,2022-01-31,2022-04-30,120,6,EXTREME,model_derived_from_verified_observations,CORPORATE_CASHFLOW_STRESS|FX_DEBT_VULNERABILITY,2,5.560876683287669,NOT_YET_LINKED,AUDITED
