finding_id,country_iso3,valid_time,as_of,channel_id,channel_name,market_segment,status,score,trigger_mechanisms,trigger_count,interpretation,expected_market_sensitivities,not_a_prediction,not_investment_advice,red_team_question,evidence_status
AUS-BANKING_EQUITY_PRESSURE-20250131,AUS,2025-01-31 00:00:00+00:00,2026-10-03 00:00:00+00:00,BANKING_EQUITY_PRESSURE,Banking Sector Asset Impairment & Equity De-rating,equity,normal,,COMPOUND_SYSTEMIC_STRESS,1,Non-performing loan accumulation and interbank funding strains trigger price-to-book multiple contraction in banking equities.,bank_index_drawdown|price_to_book_multiple_compression|interbank_repo_spread_widening|subordinate_debt_discounting,True,True,Is the banking weakness idiosyncratic to a single failed institution or widespread across systemically important banks?,MODEL_DERIVED_FROM_MECHANISM_FINDINGS
AUS-SYSTEMIC_MARKET_DRAWDOWN-20250131,AUS,2025-01-31 00:00:00+00:00,2026-10-03 00:00:00+00:00,SYSTEMIC_MARKET_DRAWDOWN,Broad Equity Market Drawdown & Liquidity Flight,equity,normal,,COMPOUND_SYSTEMIC_STRESS,1,Simultaneous compound macro-fiscal-financial stress triggers generalized equity selling and liquidity flight to cash or safe assets.,headline_equity_index_drawdown|marketwide_bid_ask_spread_widening|equity_foreign_outflows|cross_asset_correlation_surge,True,True,Is the sell-off an orderly cyclical repricing or an acute disorderly liquidity liquidation?,MODEL_DERIVED_FROM_MECHANISM_FINDINGS
AUS-SOVEREIGN_SPREAD_WIDENING-20220630,AUS,2022-06-30 00:00:00+00:00,2026-10-03 00:00:00+00:00,SOVEREIGN_SPREAD_WIDENING,Sovereign Yield Curve & Credit Default Spread Widening,sovereign_debt,acute,3.136118808412392,SOVEREIGN_REFINANCING_STRESS,1,Sovereign rollover walls and fiscal cash-flow deficits push benchmark yields higher and widen international sovereign bond spreads.,10y_sovereign_yield_spike|cds_5y_spread_widening|primary_auction_tail_widening|yield_curve_inversion,True,True,Are yields driven by global monetary policy tightening or specific domestic fiscal sustainability doubts?,MODEL_DERIVED_FROM_MECHANISM_FINDINGS
AUS-REAL_ESTATE_REIT_CRASH_TRANSMISSION-20210101,AUS,2021-01-01 00:00:00+00:00,2026-10-03 00:00:00+00:00,REAL_ESTATE_REIT_CRASH_TRANSMISSION,"Real Estate, REIT & Construction Sector Impairment",real_estate_reit,extreme,3.814713400940369,THORNTON_SKYSCRAPER_MALINVESTMENT,1,"Divergence between asset valuations and borrower insolvency, coupled with completion of malinvested projects during liquidity drains, triggers severe valuation haircuts across real estate development, REIT equities, and construction collateral.",reit_index_drawdown|commercial_real_estate_cap_rate_spike|construction_developer_default_rate|housing_starts_contraction,True,True,Is the real estate weakness isolated to commercial offices/luxury developments or does it threaten residential mortgage solvency and systemic bank balance sheets?,MODEL_DERIVED_FROM_MECHANISM_FINDINGS
AUS-FX_DEVALUATION_PRESSURE-20200630,AUS,2020-06-30 00:00:00+00:00,2026-10-03 00:00:00+00:00,FX_DEVALUATION_PRESSURE,FX Devaluation & Currency Volatility Transmission,fx,acute,2.927732558992584,FX_EXTERNAL_FINANCING_STRESS,1,External financing squeeze and imported price shocks exert immediate pressure on domestic currency spot and implied volatility.,fx_spot_depreciation|fx_implied_volatility_spike|fx_reserves_drain|offshore_forward_premium_widening,True,True,"Is the pressure driven by broad USD strength, terms-of-trade commodity moves, or domestic capital flight?",MODEL_DERIVED_FROM_MECHANISM_FINDINGS
BRA-FX_DEVALUATION_PRESSURE-20250228,BRA,2025-02-28 00:00:00+00:00,2026-10-03 00:00:00+00:00,FX_DEVALUATION_PRESSURE,FX Devaluation & Currency Volatility Transmission,fx,acute,2.9906319742815537,FX_EXTERNAL_FINANCING_STRESS,1,External financing squeeze and imported price shocks exert immediate pressure on domestic currency spot and implied volatility.,fx_spot_depreciation|fx_implied_volatility_spike|fx_reserves_drain|offshore_forward_premium_widening,True,True,"Is the pressure driven by broad USD strength, terms-of-trade commodity moves, or domestic capital flight?",MODEL_DERIVED_FROM_MECHANISM_FINDINGS
BRA-BANKING_EQUITY_PRESSURE-20241231,BRA,2024-12-31 00:00:00+00:00,2026-10-03 00:00:00+00:00,BANKING_EQUITY_PRESSURE,Banking Sector Asset Impairment & Equity De-rating,equity,normal,,COMPOUND_SYSTEMIC_STRESS,1,Non-performing loan accumulation and interbank funding strains trigger price-to-book multiple contraction in banking equities.,bank_index_drawdown|price_to_book_multiple_compression|interbank_repo_spread_widening|subordinate_debt_discounting,True,True,Is the banking weakness idiosyncratic to a single failed institution or widespread across systemically important banks?,MODEL_DERIVED_FROM_MECHANISM_FINDINGS
BRA-SYSTEMIC_MARKET_DRAWDOWN-20241231,BRA,2024-12-31 00:00:00+00:00,2026-10-03 00:00:00+00:00,SYSTEMIC_MARKET_DRAWDOWN,Broad Equity Market Drawdown & Liquidity Flight,equity,normal,,COMPOUND_SYSTEMIC_STRESS,1,Simultaneous compound macro-fiscal-financial stress triggers generalized equity selling and liquidity flight to cash or safe assets.,headline_equity_index_drawdown|marketwide_bid_ask_spread_widening|equity_foreign_outflows|cross_asset_correlation_surge,True,True,Is the sell-off an orderly cyclical repricing or an acute disorderly liquidity liquidation?,MODEL_DERIVED_FROM_MECHANISM_FINDINGS
CAN-FX_DEVALUATION_PRESSURE-20250131,CAN,2025-01-31 00:00:00+00:00,2026-10-03 00:00:00+00:00,FX_DEVALUATION_PRESSURE,FX Devaluation & Currency Volatility Transmission,fx,watch,1.6768170473384978,FX_EXTERNAL_FINANCING_STRESS,1,External financing squeeze and imported price shocks exert immediate pressure on domestic currency spot and implied volatility.,fx_spot_depreciation|fx_implied_volatility_spike|fx_reserves_drain|offshore_forward_premium_widening,True,True,"Is the pressure driven by broad USD strength, terms-of-trade commodity moves, or domestic capital flight?",MODEL_DERIVED_FROM_MECHANISM_FINDINGS
CAN-BANKING_EQUITY_PRESSURE-20241231,CAN,2024-12-31 00:00:00+00:00,2026-10-03 00:00:00+00:00,BANKING_EQUITY_PRESSURE,Banking Sector Asset Impairment & Equity De-rating,equity,normal,,COMPOUND_SYSTEMIC_STRESS,1,Non-performing loan accumulation and interbank funding strains trigger price-to-book multiple contraction in banking equities.,bank_index_drawdown|price_to_book_multiple_compression|interbank_repo_spread_widening|subordinate_debt_discounting,True,True,Is the banking weakness idiosyncratic to a single failed institution or widespread across systemically important banks?,MODEL_DERIVED_FROM_MECHANISM_FINDINGS
CAN-SYSTEMIC_MARKET_DRAWDOWN-20241231,CAN,2024-12-31 00:00:00+00:00,2026-10-03 00:00:00+00:00,SYSTEMIC_MARKET_DRAWDOWN,Broad Equity Market Drawdown & Liquidity Flight,equity,normal,,COMPOUND_SYSTEMIC_STRESS,1,Simultaneous compound macro-fiscal-financial stress triggers generalized equity selling and liquidity flight to cash or safe assets.,headline_equity_index_drawdown|marketwide_bid_ask_spread_widening|equity_foreign_outflows|cross_asset_correlation_surge,True,True,Is the sell-off an orderly cyclical repricing or an acute disorderly liquidity liquidation?,MODEL_DERIVED_FROM_MECHANISM_FINDINGS
CAN-SOVEREIGN_SPREAD_WIDENING-20240101,CAN,2024-01-01 00:00:00+00:00,2026-10-03 00:00:00+00:00,SOVEREIGN_SPREAD_WIDENING,Sovereign Yield Curve & Credit Default Spread Widening,sovereign_debt,watch,1.8414588573506925,SOVEREIGN_REFINANCING_STRESS,1,Sovereign rollover walls and fiscal cash-flow deficits push benchmark yields higher and widen international sovereign bond spreads.,10y_sovereign_yield_spike|cds_5y_spread_widening|primary_auction_tail_widening|yield_curve_inversion,True,True,Are yields driven by global monetary policy tightening or specific domestic fiscal sustainability doubts?,MODEL_DERIVED_FROM_MECHANISM_FINDINGS
CAN-REAL_ESTATE_REIT_CRASH_TRANSMISSION-20210101,CAN,2021-01-01 00:00:00+00:00,2026-10-03 00:00:00+00:00,REAL_ESTATE_REIT_CRASH_TRANSMISSION,"Real Estate, REIT & Construction Sector Impairment",real_estate_reit,extreme,5.697593696244234,THORNTON_SKYSCRAPER_MALINVESTMENT,1,"Divergence between asset valuations and borrower insolvency, coupled with completion of malinvested projects during liquidity drains, triggers severe valuation haircuts across real estate development, REIT equities, and construction collateral.",reit_index_drawdown|commercial_real_estate_cap_rate_spike|construction_developer_default_rate|housing_starts_contraction,True,True,Is the real estate weakness isolated to commercial offices/luxury developments or does it threaten residential mortgage solvency and systemic bank balance sheets?,MODEL_DERIVED_FROM_MECHANISM_FINDINGS
CHE-BANKING_EQUITY_PRESSURE-20250131,CHE,2025-01-31 00:00:00+00:00,2026-10-03 00:00:00+00:00,BANKING_EQUITY_PRESSURE,Banking Sector Asset Impairment & Equity De-rating,equity,normal,,COMPOUND_SYSTEMIC_STRESS,1,Non-performing loan accumulation and interbank funding strains trigger price-to-book multiple contraction in banking equities.,bank_index_drawdown|price_to_book_multiple_compression|interbank_repo_spread_widening|subordinate_debt_discounting,True,True,Is the banking weakness idiosyncratic to a single failed institution or widespread across systemically important banks?,MODEL_DERIVED_FROM_MECHANISM_FINDINGS
CHE-SYSTEMIC_MARKET_DRAWDOWN-20250131,CHE,2025-01-31 00:00:00+00:00,2026-10-03 00:00:00+00:00,SYSTEMIC_MARKET_DRAWDOWN,Broad Equity Market Drawdown & Liquidity Flight,equity,normal,,COMPOUND_SYSTEMIC_STRESS,1,Simultaneous compound macro-fiscal-financial stress triggers generalized equity selling and liquidity flight to cash or safe assets.,headline_equity_index_drawdown|marketwide_bid_ask_spread_widening|equity_foreign_outflows|cross_asset_correlation_surge,True,True,Is the sell-off an orderly cyclical repricing or an acute disorderly liquidity liquidation?,MODEL_DERIVED_FROM_MECHANISM_FINDINGS
CHE-FX_DEVALUATION_PRESSURE-20231130,CHE,2023-11-30 00:00:00+00:00,2026-10-03 00:00:00+00:00,FX_DEVALUATION_PRESSURE,FX Devaluation & Currency Volatility Transmission,fx,watch,2.434615756624765,FX_EXTERNAL_FINANCING_STRESS,1,External financing squeeze and imported price shocks exert immediate pressure on domestic currency spot and implied volatility.,fx_spot_depreciation|fx_implied_volatility_spike|fx_reserves_drain|offshore_forward_premium_widening,True,True,"Is the pressure driven by broad USD strength, terms-of-trade commodity moves, or domestic capital flight?",MODEL_DERIVED_FROM_MECHANISM_FINDINGS
DEU-BANKING_EQUITY_PRESSURE-20260731,DEU,2026-07-31 00:00:00+00:00,2026-10-03 00:00:00+00:00,BANKING_EQUITY_PRESSURE,Banking Sector Asset Impairment & Equity De-rating,equity,normal,,COMPOUND_SYSTEMIC_STRESS,1,Non-performing loan accumulation and interbank funding strains trigger price-to-book multiple contraction in banking equities.,bank_index_drawdown|price_to_book_multiple_compression|interbank_repo_spread_widening|subordinate_debt_discounting,True,True,Is the banking weakness idiosyncratic to a single failed institution or widespread across systemically important banks?,MODEL_DERIVED_FROM_MECHANISM_FINDINGS
DEU-SYSTEMIC_MARKET_DRAWDOWN-20260731,DEU,2026-07-31 00:00:00+00:00,2026-10-03 00:00:00+00:00,SYSTEMIC_MARKET_DRAWDOWN,Broad Equity Market Drawdown & Liquidity Flight,equity,normal,,COMPOUND_SYSTEMIC_STRESS,1,Simultaneous compound macro-fiscal-financial stress triggers generalized equity selling and liquidity flight to cash or safe assets.,headline_equity_index_drawdown|marketwide_bid_ask_spread_widening|equity_foreign_outflows|cross_asset_correlation_surge,True,True,Is the sell-off an orderly cyclical repricing or an acute disorderly liquidity liquidation?,MODEL_DERIVED_FROM_MECHANISM_FINDINGS
ESP-BANKING_EQUITY_PRESSURE-20260630,ESP,2026-06-30 00:00:00+00:00,2026-10-03 00:00:00+00:00,BANKING_EQUITY_PRESSURE,Banking Sector Asset Impairment & Equity De-rating,equity,normal,,COMPOUND_SYSTEMIC_STRESS,1,Non-performing loan accumulation and interbank funding strains trigger price-to-book multiple contraction in banking equities.,bank_index_drawdown|price_to_book_multiple_compression|interbank_repo_spread_widening|subordinate_debt_discounting,True,True,Is the banking weakness idiosyncratic to a single failed institution or widespread across systemically important banks?,MODEL_DERIVED_FROM_MECHANISM_FINDINGS
ESP-SYSTEMIC_MARKET_DRAWDOWN-20260630,ESP,2026-06-30 00:00:00+00:00,2026-10-03 00:00:00+00:00,SYSTEMIC_MARKET_DRAWDOWN,Broad Equity Market Drawdown & Liquidity Flight,equity,normal,,COMPOUND_SYSTEMIC_STRESS,1,Simultaneous compound macro-fiscal-financial stress triggers generalized equity selling and liquidity flight to cash or safe assets.,headline_equity_index_drawdown|marketwide_bid_ask_spread_widening|equity_foreign_outflows|cross_asset_correlation_surge,True,True,Is the sell-off an orderly cyclical repricing or an acute disorderly liquidity liquidation?,MODEL_DERIVED_FROM_MECHANISM_FINDINGS
ESP-REAL_ESTATE_REIT_CRASH_TRANSMISSION-20210101,ESP,2021-01-01 00:00:00+00:00,2026-10-03 00:00:00+00:00,REAL_ESTATE_REIT_CRASH_TRANSMISSION,"Real Estate, REIT & Construction Sector Impairment",real_estate_reit,extreme,6.396918308465493,THORNTON_SKYSCRAPER_MALINVESTMENT,1,"Divergence between asset valuations and borrower insolvency, coupled with completion of malinvested projects during liquidity drains, triggers severe valuation haircuts across real estate development, REIT equities, and construction collateral.",reit_index_drawdown|commercial_real_estate_cap_rate_spike|construction_developer_default_rate|housing_starts_contraction,True,True,Is the real estate weakness isolated to commercial offices/luxury developments or does it threaten residential mortgage solvency and systemic bank balance sheets?,MODEL_DERIVED_FROM_MECHANISM_FINDINGS
FRA-BANKING_EQUITY_PRESSURE-20260731,FRA,2026-07-31 00:00:00+00:00,2026-10-03 00:00:00+00:00,BANKING_EQUITY_PRESSURE,Banking Sector Asset Impairment & Equity De-rating,equity,normal,,COMPOUND_SYSTEMIC_STRESS,1,Non-performing loan accumulation and interbank funding strains trigger price-to-book multiple contraction in banking equities.,bank_index_drawdown|price_to_book_multiple_compression|interbank_repo_spread_widening|subordinate_debt_discounting,True,True,Is the banking weakness idiosyncratic to a single failed institution or widespread across systemically important banks?,MODEL_DERIVED_FROM_MECHANISM_FINDINGS
FRA-SYSTEMIC_MARKET_DRAWDOWN-20260731,FRA,2026-07-31 00:00:00+00:00,2026-10-03 00:00:00+00:00,SYSTEMIC_MARKET_DRAWDOWN,Broad Equity Market Drawdown & Liquidity Flight,equity,normal,,COMPOUND_SYSTEMIC_STRESS,1,Simultaneous compound macro-fiscal-financial stress triggers generalized equity selling and liquidity flight to cash or safe assets.,headline_equity_index_drawdown|marketwide_bid_ask_spread_widening|equity_foreign_outflows|cross_asset_correlation_surge,True,True,Is the sell-off an orderly cyclical repricing or an acute disorderly liquidity liquidation?,MODEL_DERIVED_FROM_MECHANISM_FINDINGS
GBR-BANKING_EQUITY_PRESSURE-20250331,GBR,2025-03-31 00:00:00+00:00,2026-10-03 00:00:00+00:00,BANKING_EQUITY_PRESSURE,Banking Sector Asset Impairment & Equity De-rating,equity,normal,,COMPOUND_SYSTEMIC_STRESS,1,Non-performing loan accumulation and interbank funding strains trigger price-to-book multiple contraction in banking equities.,bank_index_drawdown|price_to_book_multiple_compression|interbank_repo_spread_widening|subordinate_debt_discounting,True,True,Is the banking weakness idiosyncratic to a single failed institution or widespread across systemically important banks?,MODEL_DERIVED_FROM_MECHANISM_FINDINGS
GBR-SYSTEMIC_MARKET_DRAWDOWN-20250331,GBR,2025-03-31 00:00:00+00:00,2026-10-03 00:00:00+00:00,SYSTEMIC_MARKET_DRAWDOWN,Broad Equity Market Drawdown & Liquidity Flight,equity,normal,,COMPOUND_SYSTEMIC_STRESS,1,Simultaneous compound macro-fiscal-financial stress triggers generalized equity selling and liquidity flight to cash or safe assets.,headline_equity_index_drawdown|marketwide_bid_ask_spread_widening|equity_foreign_outflows|cross_asset_correlation_surge,True,True,Is the sell-off an orderly cyclical repricing or an acute disorderly liquidity liquidation?,MODEL_DERIVED_FROM_MECHANISM_FINDINGS
GBR-FX_DEVALUATION_PRESSURE-20231231,GBR,2023-12-31 00:00:00+00:00,2026-10-03 00:00:00+00:00,FX_DEVALUATION_PRESSURE,FX Devaluation & Currency Volatility Transmission,fx,watch,2.2832142399670508,INFLATION_ENERGY_REAL_INCOME_SHOCK,1,External financing squeeze and imported price shocks exert immediate pressure on domestic currency spot and implied volatility.,fx_spot_depreciation|fx_implied_volatility_spike|fx_reserves_drain|offshore_forward_premium_widening,True,True,"Is the pressure driven by broad USD strength, terms-of-trade commodity moves, or domestic capital flight?",MODEL_DERIVED_FROM_MECHANISM_FINDINGS
GBR-REAL_ESTATE_REIT_CRASH_TRANSMISSION-20210101,GBR,2021-01-01 00:00:00+00:00,2026-10-03 00:00:00+00:00,REAL_ESTATE_REIT_CRASH_TRANSMISSION,"Real Estate, REIT & Construction Sector Impairment",real_estate_reit,extreme,8.153263915688425,THORNTON_SKYSCRAPER_MALINVESTMENT,1,"Divergence between asset valuations and borrower insolvency, coupled with completion of malinvested projects during liquidity drains, triggers severe valuation haircuts across real estate development, REIT equities, and construction collateral.",reit_index_drawdown|commercial_real_estate_cap_rate_spike|construction_developer_default_rate|housing_starts_contraction,True,True,Is the real estate weakness isolated to commercial offices/luxury developments or does it threaten residential mortgage solvency and systemic bank balance sheets?,MODEL_DERIVED_FROM_MECHANISM_FINDINGS
GRC-BANKING_EQUITY_PRESSURE-20260731,GRC,2026-07-31 00:00:00+00:00,2026-10-03 00:00:00+00:00,BANKING_EQUITY_PRESSURE,Banking Sector Asset Impairment & Equity De-rating,equity,normal,,COMPOUND_SYSTEMIC_STRESS,1,Non-performing loan accumulation and interbank funding strains trigger price-to-book multiple contraction in banking equities.,bank_index_drawdown|price_to_book_multiple_compression|interbank_repo_spread_widening|subordinate_debt_discounting,True,True,Is the banking weakness idiosyncratic to a single failed institution or widespread across systemically important banks?,MODEL_DERIVED_FROM_MECHANISM_FINDINGS
GRC-SYSTEMIC_MARKET_DRAWDOWN-20260731,GRC,2026-07-31 00:00:00+00:00,2026-10-03 00:00:00+00:00,SYSTEMIC_MARKET_DRAWDOWN,Broad Equity Market Drawdown & Liquidity Flight,equity,normal,,COMPOUND_SYSTEMIC_STRESS,1,Simultaneous compound macro-fiscal-financial stress triggers generalized equity selling and liquidity flight to cash or safe assets.,headline_equity_index_drawdown|marketwide_bid_ask_spread_widening|equity_foreign_outflows|cross_asset_correlation_surge,True,True,Is the sell-off an orderly cyclical repricing or an acute disorderly liquidity liquidation?,MODEL_DERIVED_FROM_MECHANISM_FINDINGS
IDN-BANKING_EQUITY_PRESSURE-20260731,IDN,2026-07-31 00:00:00+00:00,2026-10-03 00:00:00+00:00,BANKING_EQUITY_PRESSURE,Banking Sector Asset Impairment & Equity De-rating,equity,normal,,COMPOUND_SYSTEMIC_STRESS,1,Non-performing loan accumulation and interbank funding strains trigger price-to-book multiple contraction in banking equities.,bank_index_drawdown|price_to_book_multiple_compression|interbank_repo_spread_widening|subordinate_debt_discounting,True,True,Is the banking weakness idiosyncratic to a single failed institution or widespread across systemically important banks?,MODEL_DERIVED_FROM_MECHANISM_FINDINGS
IDN-SYSTEMIC_MARKET_DRAWDOWN-20260731,IDN,2026-07-31 00:00:00+00:00,2026-10-03 00:00:00+00:00,SYSTEMIC_MARKET_DRAWDOWN,Broad Equity Market Drawdown & Liquidity Flight,equity,normal,,COMPOUND_SYSTEMIC_STRESS,1,Simultaneous compound macro-fiscal-financial stress triggers generalized equity selling and liquidity flight to cash or safe assets.,headline_equity_index_drawdown|marketwide_bid_ask_spread_widening|equity_foreign_outflows|cross_asset_correlation_surge,True,True,Is the sell-off an orderly cyclical repricing or an acute disorderly liquidity liquidation?,MODEL_DERIVED_FROM_MECHANISM_FINDINGS
IDN-FX_DEVALUATION_PRESSURE-20200531,IDN,2020-05-31 00:00:00+00:00,2026-10-03 00:00:00+00:00,FX_DEVALUATION_PRESSURE,FX Devaluation & Currency Volatility Transmission,fx,extreme,6.462960321552703,FX_EXTERNAL_FINANCING_STRESS,1,External financing squeeze and imported price shocks exert immediate pressure on domestic currency spot and implied volatility.,fx_spot_depreciation|fx_implied_volatility_spike|fx_reserves_drain|offshore_forward_premium_widening,True,True,"Is the pressure driven by broad USD strength, terms-of-trade commodity moves, or domestic capital flight?",MODEL_DERIVED_FROM_MECHANISM_FINDINGS
IND-FX_DEVALUATION_PRESSURE-20260531,IND,2026-05-31 00:00:00+00:00,2026-10-03 00:00:00+00:00,FX_DEVALUATION_PRESSURE,FX Devaluation & Currency Volatility Transmission,fx,acute,2.793528341776014,FX_EXTERNAL_FINANCING_STRESS,1,External financing squeeze and imported price shocks exert immediate pressure on domestic currency spot and implied volatility.,fx_spot_depreciation|fx_implied_volatility_spike|fx_reserves_drain|offshore_forward_premium_widening,True,True,"Is the pressure driven by broad USD strength, terms-of-trade commodity moves, or domestic capital flight?",MODEL_DERIVED_FROM_MECHANISM_FINDINGS
IND-BANKING_EQUITY_PRESSURE-20260531,IND,2026-05-31 00:00:00+00:00,2026-10-03 00:00:00+00:00,BANKING_EQUITY_PRESSURE,Banking Sector Asset Impairment & Equity De-rating,equity,normal,,COMPOUND_SYSTEMIC_STRESS,1,Non-performing loan accumulation and interbank funding strains trigger price-to-book multiple contraction in banking equities.,bank_index_drawdown|price_to_book_multiple_compression|interbank_repo_spread_widening|subordinate_debt_discounting,True,True,Is the banking weakness idiosyncratic to a single failed institution or widespread across systemically important banks?,MODEL_DERIVED_FROM_MECHANISM_FINDINGS
IND-SYSTEMIC_MARKET_DRAWDOWN-20260531,IND,2026-05-31 00:00:00+00:00,2026-10-03 00:00:00+00:00,SYSTEMIC_MARKET_DRAWDOWN,Broad Equity Market Drawdown & Liquidity Flight,equity,normal,,COMPOUND_SYSTEMIC_STRESS,1,Simultaneous compound macro-fiscal-financial stress triggers generalized equity selling and liquidity flight to cash or safe assets.,headline_equity_index_drawdown|marketwide_bid_ask_spread_widening|equity_foreign_outflows|cross_asset_correlation_surge,True,True,Is the sell-off an orderly cyclical repricing or an acute disorderly liquidity liquidation?,MODEL_DERIVED_FROM_MECHANISM_FINDINGS
ITA-BANKING_EQUITY_PRESSURE-20260731,ITA,2026-07-31 00:00:00+00:00,2026-10-03 00:00:00+00:00,BANKING_EQUITY_PRESSURE,Banking Sector Asset Impairment & Equity De-rating,equity,normal,,COMPOUND_SYSTEMIC_STRESS,1,Non-performing loan accumulation and interbank funding strains trigger price-to-book multiple contraction in banking equities.,bank_index_drawdown|price_to_book_multiple_compression|interbank_repo_spread_widening|subordinate_debt_discounting,True,True,Is the banking weakness idiosyncratic to a single failed institution or widespread across systemically important banks?,MODEL_DERIVED_FROM_MECHANISM_FINDINGS
ITA-SYSTEMIC_MARKET_DRAWDOWN-20260731,ITA,2026-07-31 00:00:00+00:00,2026-10-03 00:00:00+00:00,SYSTEMIC_MARKET_DRAWDOWN,Broad Equity Market Drawdown & Liquidity Flight,equity,normal,,COMPOUND_SYSTEMIC_STRESS,1,Simultaneous compound macro-fiscal-financial stress triggers generalized equity selling and liquidity flight to cash or safe assets.,headline_equity_index_drawdown|marketwide_bid_ask_spread_widening|equity_foreign_outflows|cross_asset_correlation_surge,True,True,Is the sell-off an orderly cyclical repricing or an acute disorderly liquidity liquidation?,MODEL_DERIVED_FROM_MECHANISM_FINDINGS
JPN-BANKING_EQUITY_PRESSURE-20260831,JPN,2026-08-31 00:00:00+00:00,2026-10-03 00:00:00+00:00,BANKING_EQUITY_PRESSURE,Banking Sector Asset Impairment & Equity De-rating,equity,normal,,COMPOUND_SYSTEMIC_STRESS,1,Non-performing loan accumulation and interbank funding strains trigger price-to-book multiple contraction in banking equities.,bank_index_drawdown|price_to_book_multiple_compression|interbank_repo_spread_widening|subordinate_debt_discounting,True,True,Is the banking weakness idiosyncratic to a single failed institution or widespread across systemically important banks?,MODEL_DERIVED_FROM_MECHANISM_FINDINGS
JPN-SYSTEMIC_MARKET_DRAWDOWN-20260831,JPN,2026-08-31 00:00:00+00:00,2026-10-03 00:00:00+00:00,SYSTEMIC_MARKET_DRAWDOWN,Broad Equity Market Drawdown & Liquidity Flight,equity,normal,,COMPOUND_SYSTEMIC_STRESS,1,Simultaneous compound macro-fiscal-financial stress triggers generalized equity selling and liquidity flight to cash or safe assets.,headline_equity_index_drawdown|marketwide_bid_ask_spread_widening|equity_foreign_outflows|cross_asset_correlation_surge,True,True,Is the sell-off an orderly cyclical repricing or an acute disorderly liquidity liquidation?,MODEL_DERIVED_FROM_MECHANISM_FINDINGS
JPN-FX_DEVALUATION_PRESSURE-20240930,JPN,2024-09-30 00:00:00+00:00,2026-10-03 00:00:00+00:00,FX_DEVALUATION_PRESSURE,FX Devaluation & Currency Volatility Transmission,fx,acute,3.4785259445095957,FX_EXTERNAL_FINANCING_STRESS,1,External financing squeeze and imported price shocks exert immediate pressure on domestic currency spot and implied volatility.,fx_spot_depreciation|fx_implied_volatility_spike|fx_reserves_drain|offshore_forward_premium_widening,True,True,"Is the pressure driven by broad USD strength, terms-of-trade commodity moves, or domestic capital flight?",MODEL_DERIVED_FROM_MECHANISM_FINDINGS
KOR-BANKING_EQUITY_PRESSURE-20260831,KOR,2026-08-31 00:00:00+00:00,2026-10-03 00:00:00+00:00,BANKING_EQUITY_PRESSURE,Banking Sector Asset Impairment & Equity De-rating,equity,normal,,COMPOUND_SYSTEMIC_STRESS,1,Non-performing loan accumulation and interbank funding strains trigger price-to-book multiple contraction in banking equities.,bank_index_drawdown|price_to_book_multiple_compression|interbank_repo_spread_widening|subordinate_debt_discounting,True,True,Is the banking weakness idiosyncratic to a single failed institution or widespread across systemically important banks?,MODEL_DERIVED_FROM_MECHANISM_FINDINGS
KOR-SYSTEMIC_MARKET_DRAWDOWN-20260831,KOR,2026-08-31 00:00:00+00:00,2026-10-03 00:00:00+00:00,SYSTEMIC_MARKET_DRAWDOWN,Broad Equity Market Drawdown & Liquidity Flight,equity,normal,,COMPOUND_SYSTEMIC_STRESS,1,Simultaneous compound macro-fiscal-financial stress triggers generalized equity selling and liquidity flight to cash or safe assets.,headline_equity_index_drawdown|marketwide_bid_ask_spread_widening|equity_foreign_outflows|cross_asset_correlation_surge,True,True,Is the sell-off an orderly cyclical repricing or an acute disorderly liquidity liquidation?,MODEL_DERIVED_FROM_MECHANISM_FINDINGS
KOR-FX_DEVALUATION_PRESSURE-20230228,KOR,2023-02-28 00:00:00+00:00,2026-10-03 00:00:00+00:00,FX_DEVALUATION_PRESSURE,FX Devaluation & Currency Volatility Transmission,fx,extreme,4.039627441533351,FX_EXTERNAL_FINANCING_STRESS,1,External financing squeeze and imported price shocks exert immediate pressure on domestic currency spot and implied volatility.,fx_spot_depreciation|fx_implied_volatility_spike|fx_reserves_drain|offshore_forward_premium_widening,True,True,"Is the pressure driven by broad USD strength, terms-of-trade commodity moves, or domestic capital flight?",MODEL_DERIVED_FROM_MECHANISM_FINDINGS
MEX-BANKING_EQUITY_PRESSURE-20260331,MEX,2026-03-31 00:00:00+00:00,2026-10-03 00:00:00+00:00,BANKING_EQUITY_PRESSURE,Banking Sector Asset Impairment & Equity De-rating,equity,normal,,COMPOUND_SYSTEMIC_STRESS,1,Non-performing loan accumulation and interbank funding strains trigger price-to-book multiple contraction in banking equities.,bank_index_drawdown|price_to_book_multiple_compression|interbank_repo_spread_widening|subordinate_debt_discounting,True,True,Is the banking weakness idiosyncratic to a single failed institution or widespread across systemically important banks?,MODEL_DERIVED_FROM_MECHANISM_FINDINGS
MEX-SYSTEMIC_MARKET_DRAWDOWN-20260331,MEX,2026-03-31 00:00:00+00:00,2026-10-03 00:00:00+00:00,SYSTEMIC_MARKET_DRAWDOWN,Broad Equity Market Drawdown & Liquidity Flight,equity,normal,,COMPOUND_SYSTEMIC_STRESS,1,Simultaneous compound macro-fiscal-financial stress triggers generalized equity selling and liquidity flight to cash or safe assets.,headline_equity_index_drawdown|marketwide_bid_ask_spread_widening|equity_foreign_outflows|cross_asset_correlation_surge,True,True,Is the sell-off an orderly cyclical repricing or an acute disorderly liquidity liquidation?,MODEL_DERIVED_FROM_MECHANISM_FINDINGS
MEX-FX_DEVALUATION_PRESSURE-20210430,MEX,2021-04-30 00:00:00+00:00,2026-10-03 00:00:00+00:00,FX_DEVALUATION_PRESSURE,FX Devaluation & Currency Volatility Transmission,fx,extreme,3.988302289115783,INFLATION_ENERGY_REAL_INCOME_SHOCK,1,External financing squeeze and imported price shocks exert immediate pressure on domestic currency spot and implied volatility.,fx_spot_depreciation|fx_implied_volatility_spike|fx_reserves_drain|offshore_forward_premium_widening,True,True,"Is the pressure driven by broad USD strength, terms-of-trade commodity moves, or domestic capital flight?",MODEL_DERIVED_FROM_MECHANISM_FINDINGS
NLD-BANKING_EQUITY_PRESSURE-20260731,NLD,2026-07-31 00:00:00+00:00,2026-10-03 00:00:00+00:00,BANKING_EQUITY_PRESSURE,Banking Sector Asset Impairment & Equity De-rating,equity,normal,,COMPOUND_SYSTEMIC_STRESS,1,Non-performing loan accumulation and interbank funding strains trigger price-to-book multiple contraction in banking equities.,bank_index_drawdown|price_to_book_multiple_compression|interbank_repo_spread_widening|subordinate_debt_discounting,True,True,Is the banking weakness idiosyncratic to a single failed institution or widespread across systemically important banks?,MODEL_DERIVED_FROM_MECHANISM_FINDINGS
NLD-SYSTEMIC_MARKET_DRAWDOWN-20260731,NLD,2026-07-31 00:00:00+00:00,2026-10-03 00:00:00+00:00,SYSTEMIC_MARKET_DRAWDOWN,Broad Equity Market Drawdown & Liquidity Flight,equity,normal,,COMPOUND_SYSTEMIC_STRESS,1,Simultaneous compound macro-fiscal-financial stress triggers generalized equity selling and liquidity flight to cash or safe assets.,headline_equity_index_drawdown|marketwide_bid_ask_spread_widening|equity_foreign_outflows|cross_asset_correlation_surge,True,True,Is the sell-off an orderly cyclical repricing or an acute disorderly liquidity liquidation?,MODEL_DERIVED_FROM_MECHANISM_FINDINGS
NOR-BANKING_EQUITY_PRESSURE-20260630,NOR,2026-06-30 00:00:00+00:00,2026-10-03 00:00:00+00:00,BANKING_EQUITY_PRESSURE,Banking Sector Asset Impairment & Equity De-rating,equity,normal,,COMPOUND_SYSTEMIC_STRESS,1,Non-performing loan accumulation and interbank funding strains trigger price-to-book multiple contraction in banking equities.,bank_index_drawdown|price_to_book_multiple_compression|interbank_repo_spread_widening|subordinate_debt_discounting,True,True,Is the banking weakness idiosyncratic to a single failed institution or widespread across systemically important banks?,MODEL_DERIVED_FROM_MECHANISM_FINDINGS
NOR-SYSTEMIC_MARKET_DRAWDOWN-20260630,NOR,2026-06-30 00:00:00+00:00,2026-10-03 00:00:00+00:00,SYSTEMIC_MARKET_DRAWDOWN,Broad Equity Market Drawdown & Liquidity Flight,equity,normal,,COMPOUND_SYSTEMIC_STRESS,1,Simultaneous compound macro-fiscal-financial stress triggers generalized equity selling and liquidity flight to cash or safe assets.,headline_equity_index_drawdown|marketwide_bid_ask_spread_widening|equity_foreign_outflows|cross_asset_correlation_surge,True,True,Is the sell-off an orderly cyclical repricing or an acute disorderly liquidity liquidation?,MODEL_DERIVED_FROM_MECHANISM_FINDINGS
NOR-FX_DEVALUATION_PRESSURE-20221231,NOR,2022-12-31 00:00:00+00:00,2026-10-03 00:00:00+00:00,FX_DEVALUATION_PRESSURE,FX Devaluation & Currency Volatility Transmission,fx,acute,2.7186637681022923,FX_EXTERNAL_FINANCING_STRESS,1,External financing squeeze and imported price shocks exert immediate pressure on domestic currency spot and implied volatility.,fx_spot_depreciation|fx_implied_volatility_spike|fx_reserves_drain|offshore_forward_premium_widening,True,True,"Is the pressure driven by broad USD strength, terms-of-trade commodity moves, or domestic capital flight?",MODEL_DERIVED_FROM_MECHANISM_FINDINGS
TUR-BANKING_EQUITY_PRESSURE-20260430,TUR,2026-04-30 00:00:00+00:00,2026-10-03 00:00:00+00:00,BANKING_EQUITY_PRESSURE,Banking Sector Asset Impairment & Equity De-rating,equity,normal,,COMPOUND_SYSTEMIC_STRESS,1,Non-performing loan accumulation and interbank funding strains trigger price-to-book multiple contraction in banking equities.,bank_index_drawdown|price_to_book_multiple_compression|interbank_repo_spread_widening|subordinate_debt_discounting,True,True,Is the banking weakness idiosyncratic to a single failed institution or widespread across systemically important banks?,MODEL_DERIVED_FROM_MECHANISM_FINDINGS
TUR-SYSTEMIC_MARKET_DRAWDOWN-20260430,TUR,2026-04-30 00:00:00+00:00,2026-10-03 00:00:00+00:00,SYSTEMIC_MARKET_DRAWDOWN,Broad Equity Market Drawdown & Liquidity Flight,equity,normal,,COMPOUND_SYSTEMIC_STRESS,1,Simultaneous compound macro-fiscal-financial stress triggers generalized equity selling and liquidity flight to cash or safe assets.,headline_equity_index_drawdown|marketwide_bid_ask_spread_widening|equity_foreign_outflows|cross_asset_correlation_surge,True,True,Is the sell-off an orderly cyclical repricing or an acute disorderly liquidity liquidation?,MODEL_DERIVED_FROM_MECHANISM_FINDINGS
TUR-FX_DEVALUATION_PRESSURE-20220430,TUR,2022-04-30 00:00:00+00:00,2026-10-03 00:00:00+00:00,FX_DEVALUATION_PRESSURE,FX Devaluation & Currency Volatility Transmission,fx,extreme,6.6403506060905375,INFLATION_ENERGY_REAL_INCOME_SHOCK,1,External financing squeeze and imported price shocks exert immediate pressure on domestic currency spot and implied volatility.,fx_spot_depreciation|fx_implied_volatility_spike|fx_reserves_drain|offshore_forward_premium_widening,True,True,"Is the pressure driven by broad USD strength, terms-of-trade commodity moves, or domestic capital flight?",MODEL_DERIVED_FROM_MECHANISM_FINDINGS
TUR-REAL_ESTATE_REIT_CRASH_TRANSMISSION-20190630,TUR,2019-06-30 00:00:00+00:00,2026-10-03 00:00:00+00:00,REAL_ESTATE_REIT_CRASH_TRANSMISSION,"Real Estate, REIT & Construction Sector Impairment",real_estate_reit,extreme,4.094120596199974,TALBOTT_DIVERGENCE_BUBBLE,1,"Divergence between asset valuations and borrower insolvency, coupled with completion of malinvested projects during liquidity drains, triggers severe valuation haircuts across real estate development, REIT equities, and construction collateral.",reit_index_drawdown|commercial_real_estate_cap_rate_spike|construction_developer_default_rate|housing_starts_contraction,True,True,Is the real estate weakness isolated to commercial offices/luxury developments or does it threaten residential mortgage solvency and systemic bank balance sheets?,MODEL_DERIVED_FROM_MECHANISM_FINDINGS
USA-BANKING_EQUITY_PRESSURE-20241231,USA,2024-12-31 00:00:00+00:00,2026-10-03 00:00:00+00:00,BANKING_EQUITY_PRESSURE,Banking Sector Asset Impairment & Equity De-rating,equity,normal,,COMPOUND_SYSTEMIC_STRESS,1,Non-performing loan accumulation and interbank funding strains trigger price-to-book multiple contraction in banking equities.,bank_index_drawdown|price_to_book_multiple_compression|interbank_repo_spread_widening|subordinate_debt_discounting,True,True,Is the banking weakness idiosyncratic to a single failed institution or widespread across systemically important banks?,MODEL_DERIVED_FROM_MECHANISM_FINDINGS
USA-SYSTEMIC_MARKET_DRAWDOWN-20241231,USA,2024-12-31 00:00:00+00:00,2026-10-03 00:00:00+00:00,SYSTEMIC_MARKET_DRAWDOWN,Broad Equity Market Drawdown & Liquidity Flight,equity,normal,,COMPOUND_SYSTEMIC_STRESS,1,Simultaneous compound macro-fiscal-financial stress triggers generalized equity selling and liquidity flight to cash or safe assets.,headline_equity_index_drawdown|marketwide_bid_ask_spread_widening|equity_foreign_outflows|cross_asset_correlation_surge,True,True,Is the sell-off an orderly cyclical repricing or an acute disorderly liquidity liquidation?,MODEL_DERIVED_FROM_MECHANISM_FINDINGS
USA-FX_DEVALUATION_PRESSURE-20210430,USA,2021-04-30 00:00:00+00:00,2026-10-03 00:00:00+00:00,FX_DEVALUATION_PRESSURE,FX Devaluation & Currency Volatility Transmission,fx,extreme,4.493747056643234,INFLATION_ENERGY_REAL_INCOME_SHOCK,1,External financing squeeze and imported price shocks exert immediate pressure on domestic currency spot and implied volatility.,fx_spot_depreciation|fx_implied_volatility_spike|fx_reserves_drain|offshore_forward_premium_widening,True,True,"Is the pressure driven by broad USD strength, terms-of-trade commodity moves, or domestic capital flight?",MODEL_DERIVED_FROM_MECHANISM_FINDINGS
USA-REAL_ESTATE_REIT_CRASH_TRANSMISSION-20210101,USA,2021-01-01 00:00:00+00:00,2026-10-03 00:00:00+00:00,REAL_ESTATE_REIT_CRASH_TRANSMISSION,"Real Estate, REIT & Construction Sector Impairment",real_estate_reit,acute,3.165327678364201,THORNTON_SKYSCRAPER_MALINVESTMENT,1,"Divergence between asset valuations and borrower insolvency, coupled with completion of malinvested projects during liquidity drains, triggers severe valuation haircuts across real estate development, REIT equities, and construction collateral.",reit_index_drawdown|commercial_real_estate_cap_rate_spike|construction_developer_default_rate|housing_starts_contraction,True,True,Is the real estate weakness isolated to commercial offices/luxury developments or does it threaten residential mortgage solvency and systemic bank balance sheets?,MODEL_DERIVED_FROM_MECHANISM_FINDINGS
ZAF-BANKING_EQUITY_PRESSURE-20250101,ZAF,2025-01-01 00:00:00+00:00,2026-10-03 00:00:00+00:00,BANKING_EQUITY_PRESSURE,Banking Sector Asset Impairment & Equity De-rating,equity,normal,,COMPOUND_SYSTEMIC_STRESS,1,Non-performing loan accumulation and interbank funding strains trigger price-to-book multiple contraction in banking equities.,bank_index_drawdown|price_to_book_multiple_compression|interbank_repo_spread_widening|subordinate_debt_discounting,True,True,Is the banking weakness idiosyncratic to a single failed institution or widespread across systemically important banks?,MODEL_DERIVED_FROM_MECHANISM_FINDINGS
ZAF-SYSTEMIC_MARKET_DRAWDOWN-20250101,ZAF,2025-01-01 00:00:00+00:00,2026-10-03 00:00:00+00:00,SYSTEMIC_MARKET_DRAWDOWN,Broad Equity Market Drawdown & Liquidity Flight,equity,normal,,COMPOUND_SYSTEMIC_STRESS,1,Simultaneous compound macro-fiscal-financial stress triggers generalized equity selling and liquidity flight to cash or safe assets.,headline_equity_index_drawdown|marketwide_bid_ask_spread_widening|equity_foreign_outflows|cross_asset_correlation_surge,True,True,Is the sell-off an orderly cyclical repricing or an acute disorderly liquidity liquidation?,MODEL_DERIVED_FROM_MECHANISM_FINDINGS
ZAF-REAL_ESTATE_REIT_CRASH_TRANSMISSION-20200101,ZAF,2020-01-01 00:00:00+00:00,2026-10-03 00:00:00+00:00,REAL_ESTATE_REIT_CRASH_TRANSMISSION,"Real Estate, REIT & Construction Sector Impairment",real_estate_reit,extreme,4.871406199091842,TALBOTT_DIVERGENCE_BUBBLE,1,"Divergence between asset valuations and borrower insolvency, coupled with completion of malinvested projects during liquidity drains, triggers severe valuation haircuts across real estate development, REIT equities, and construction collateral.",reit_index_drawdown|commercial_real_estate_cap_rate_spike|construction_developer_default_rate|housing_starts_contraction,True,True,Is the real estate weakness isolated to commercial offices/luxury developments or does it threaten residential mortgage solvency and systemic bank balance sheets?,MODEL_DERIVED_FROM_MECHANISM_FINDINGS
